id,dest_node_id,dest_profit,car_weight,type
1.0,8.0,1818.6200697904678,4137.0,0.0
2.0,7.0,754.0939251498655,4882.0,0.0
3.0,0.0,1069.7682664112094,4013.0,0.0
4.0,1.0,1482.166315642499,5487.0,0.0
5.0,2.0,6093.625117635642,5878.0,0.0
6.0,3.0,51.59963732107106,3916.0,0.0
7.0,4.0,561.9858829606789,4480.0,0.0
8.0,5.0,164.3295678479579,4315.0,0.0
9.0,6.0,142.37069335013243,5746.0,0.0
0.0,9.0,3169.3893300701952,2879.0,0.0
